Position,Name + ID,Name,ID,Roster Position,Salary,Game Info,TeamAbbrev,AvgPointsPerGame
C,Connor McDavid (30545206),Connor McDavid,30545206,C/UTIL,9700,NYR@EDM 10/26/2023 09:00PM ET,EDM,13.9
C,Auston Matthews (30545208),Auston Matthews,30545208,C/UTIL,9600,TOR@DAL 10/26/2023 08:00PM ET,TOR,24.52
C,Nathan MacKinnon (30545210),Nathan MacKinnon,30545210,C/UTIL,9300,COL@PIT 10/26/2023 07:00PM ET,COL,21.65
RW,David Pastrnak (30545420),David Pastrnak,30545420,W/UTIL,9200,ANH@BOS 10/26/2023 07:00PM ET,BOS,17.58
C,Leon Draisaitl (30545212),Leon Draisaitl,30545212,C/UTIL,8900,NYR@EDM 10/26/2023 09:00PM ET,EDM,18
LW,Brady Tkachuk (30545422),Brady Tkachuk,30545422,W/UTIL,8700,OTT@NYI 10/26/2023 07:30PM ET,OTT,16.73
G,Linus Ullmark (30546196),Linus Ullmark,30546196,G,8500,ANH@BOS 10/26/2023 07:00PM ET,BOS,20.23
RW,Nikita Kucherov (30545424),Nikita Kucherov,30545424,W/UTIL,8400,SJ@TB 10/26/2023 07:00PM ET,TB,18.79
G,Jonas Johansson (30546197),Jonas Johansson,30546197,G,8400,SJ@TB 10/26/2023 07:00PM ET,TB,17.93
G,Jeremy Swayman (30546198),Jeremy Swayman,30546198,G,8300,ANH@BOS 10/26/2023 07:00PM ET,BOS,23.2
G,Frederik Andersen (30546199),Frederik Andersen,30546199,G,8300,SEA@CAR 10/26/2023 07:00PM ET,CAR,5.87
G,Antti Raanta (30546200),Antti Raanta,30546200,G,8300,SEA@CAR 10/26/2023 07:00PM ET,CAR,0.83
G,Pyotr Kochetkov (30546201),Pyotr Kochetkov,30546201,G,8300,SEA@CAR 10/26/2023 07:00PM ET,CAR,0.47
G,Jacob Markstrom (30546202),Jacob Markstrom,30546202,G,8200,STL@CGY 10/26/2023 09:00PM ET,CGY,8.88
C,Tim Stuetzle (30545214),Tim Stuetzle,30545214,C/UTIL,8200,OTT@NYI 10/26/2023 07:30PM ET,OTT,15.37
LW,Kirill Kaprizov (30545426),Kirill Kaprizov,30545426,W/UTIL,8200,MIN@PHI 10/26/2023 07:30PM ET,MIN,16.32
G,Matt Tomkins (30546203),Matt Tomkins,30546203,G,8200,SJ@TB 10/26/2023 07:00PM ET,TB,9.1
G,Andrei Vasilevskiy (30546204),Andrei Vasilevskiy,30546204,G,8200,SJ@TB 10/26/2023 07:00PM ET,TB,0
RW,Mikko Rantanen (30545428),Mikko Rantanen,30545428,W/UTIL,8100,COL@PIT 10/26/2023 07:00PM ET,COL,22.53
G,Alexandar Georgiev (30546205),Alexandar Georgiev,30546205,G,8100,COL@PIT 10/26/2023 07:00PM ET,COL,18.83
G,Dan Vladar (30546210),Dan Vladar,30546210,G,8000,STL@CGY 10/26/2023 09:00PM ET,CGY,4.05
G,Jake Allen (30546206),Jake Allen,30546206,G,8000,CLS@MON 10/26/2023 07:00PM ET,MON,21.6
G,Sam Montembeault (30546207),Sam Montembeault,30546207,G,8000,CLS@MON 10/26/2023 07:00PM ET,MON,11.05
G,Cayden Primeau (30546208),Cayden Primeau,30546208,G,8000,CLS@MON 10/26/2023 07:00PM ET,MON,6.3
G,Carey Price (30546209),Carey Price,30546209,G,8000,CLS@MON 10/26/2023 07:00PM ET,MON,0
G,Filip Gustavsson (30546211),Filip Gustavsson,30546211,G,8000,MIN@PHI 10/26/2023 07:30PM ET,MIN,16.5
C,Sidney Crosby (30545216),Sidney Crosby,30545216,C/UTIL,8000,COL@PIT 10/26/2023 07:00PM ET,PIT,12.9
G,Jake Oettinger (30546215),Jake Oettinger,30546215,G,7900,TOR@DAL 10/26/2023 08:00PM ET,DAL,21.5
G,Ilya Sorokin (30546214),Ilya Sorokin,30546214,G,7900,OTT@NYI 10/26/2023 07:30PM ET,NYI,12.55
D,Cale Makar (30545842),Cale Makar,30545842,D/UTIL,7900,COL@PIT 10/26/2023 07:00PM ET,COL,18.9
G,Ivan Prosvetov (30546212),Ivan Prosvetov,30546212,G,7900,COL@PIT 10/26/2023 07:00PM ET,COL,0
G,Pavel Francouz (30546213),Pavel Francouz,30546213,G,7900,COL@PIT 10/26/2023 07:00PM ET,COL,0
G,Igor Shesterkin (30546216),Igor Shesterkin,30546216,G,7800,NYR@EDM 10/26/2023 09:00PM ET,NYR,9.76
G,Ville Husso (30546217),Ville Husso,30546217,G,7800,WPG@DET 10/26/2023 07:00PM ET,DET,12.58
G,James Reimer (30546218),James Reimer,30546218,G,7800,WPG@DET 10/26/2023 07:00PM ET,DET,22.7
G,Alex Lyon (30546219),Alex Lyon,30546219,G,7800,WPG@DET 10/26/2023 07:00PM ET,DET,0
G,Marc-Andre Fleury (30546220),Marc-Andre Fleury,30546220,G,7800,MIN@PHI 10/26/2023 07:30PM ET,MIN,6.85
LW,Jason Robertson (30545430),Jason Robertson,30545430,W/UTIL,7700,TOR@DAL 10/26/2023 08:00PM ET,DAL,9.76
G,Scott Wedgewood (30546222),Scott Wedgewood,30546222,G,7700,TOR@DAL 10/26/2023 08:00PM ET,DAL,20.2
G,Semyon Varlamov (30546221),Semyon Varlamov,30546221,G,7700,OTT@NYI 10/26/2023 07:30PM ET,NYI,20.5
RW,William Nylander (30545432),William Nylander,30545432,W/UTIL,7600,TOR@DAL 10/26/2023 08:00PM ET,TOR,19.68
G,Jack Campbell (30546224),Jack Campbell,30546224,G,7600,NYR@EDM 10/26/2023 09:00PM ET,EDM,7.85
G,Jonathan Quick (30546225),Jonathan Quick,30546225,G,7600,NYR@EDM 10/26/2023 09:00PM ET,NYR,10.7
G,Connor Hellebuyck (30546223),Connor Hellebuyck,30546223,G,7600,WPG@DET 10/26/2023 07:00PM ET,WPG,9.94
G,Ilya Samsonov (30546226),Ilya Samsonov,30546226,G,7500,TOR@DAL 10/26/2023 08:00PM ET,TOR,2.82
G,Stuart Skinner (30546227),Stuart Skinner,30546227,G,7500,NYR@EDM 10/26/2023 09:00PM ET,EDM,-0.97
G,Ryan Fanti (30546228),Ryan Fanti,30546228,G,7500,NYR@EDM 10/26/2023 09:00PM ET,EDM,0
LW,Alex DeBrincat (30545434),Alex DeBrincat,30545434,W/UTIL,7500,WPG@DET 10/26/2023 07:00PM ET,DET,21.66
G,Joonas Korpisalo (30546229),Joonas Korpisalo,30546229,G,7500,OTT@NYI 10/26/2023 07:30PM ET,OTT,7.35
C,Brayden Point (30545218),Brayden Point,30545218,C/UTIL,7500,SJ@TB 10/26/2023 07:00PM ET,TB,11.93
C,Dylan Larkin (30545220),Dylan Larkin,30545220,C/UTIL,7400,WPG@DET 10/26/2023 07:00PM ET,DET,21.19
LW,Kyle Connor (30545436),Kyle Connor,30545436,W/UTIL,7400,WPG@DET 10/26/2023 07:00PM ET,WPG,15.55
G,Laurent Brossoit (30546232),Laurent Brossoit,30546232,G,7400,WPG@DET 10/26/2023 07:00PM ET,WPG,1.4
G,Elvis Merzlikins (30546230),Elvis Merzlikins,30546230,G,7400,CLS@MON 10/26/2023 07:00PM ET,CLS,13.12
G,Carter Hart (30546231),Carter Hart,30546231,G,7400,MIN@PHI 10/26/2023 07:30PM ET,PHI,16.04
C,John Tavares (30545222),John Tavares,30545222,C/UTIL,7300,TOR@DAL 10/26/2023 08:00PM ET,TOR,18.7
G,Joseph Woll (30546233),Joseph Woll,30546233,G,7300,TOR@DAL 10/26/2023 08:00PM ET,TOR,21.8
G,Matt Murray (30546234),Matt Murray,30546234,G,7300,TOR@DAL 10/26/2023 08:00PM ET,TOR,0
G,Anton Forsberg (30546236),Anton Forsberg,30546236,G,7300,OTT@NYI 10/26/2023 07:30PM ET,OTT,7.5
G,Tristan Jarry (30546235),Tristan Jarry,30546235,G,7300,COL@PIT 10/26/2023 07:00PM ET,PIT,8.8
LW,Steven Stamkos (30545438),Steven Stamkos,30545438,W/UTIL,7300,SJ@TB 10/26/2023 07:00PM ET,TB,13.96
LW,Brad Marchand (30545440),Brad Marchand,30545440,W/UTIL,7200,ANH@BOS 10/26/2023 07:00PM ET,BOS,15.25
G,Jordan Binnington (30546239),Jordan Binnington,30546239,G,7200,STL@CGY 10/26/2023 09:00PM ET,STL,18.38
G,Spencer Martin (30546237),Spencer Martin,30546237,G,7200,CLS@MON 10/26/2023 07:00PM ET,CLS,12.33
G,Daniil Tarasov (30546238),Daniil Tarasov,30546238,G,7200,CLS@MON 10/26/2023 07:00PM ET,CLS,0
G,Samuel Ersson (30546240),Samuel Ersson,30546240,G,7200,MIN@PHI 10/26/2023 07:30PM ET,PHI,-1.5
G,Felix Sandstrom (30546241),Felix Sandstrom,30546241,G,7200,MIN@PHI 10/26/2023 07:30PM ET,PHI,0
RW,Mitchell Marner (30545442),Mitchell Marner,30545442,W/UTIL,7100,TOR@DAL 10/26/2023 08:00PM ET,TOR,10.68
G,Philipp Grubauer (30546242),Philipp Grubauer,30546242,G,7100,SEA@CAR 10/26/2023 07:00PM ET,SEA,7.52
G,Alex Nedeljkovic (30546243),Alex Nedeljkovic,30546243,G,7100,COL@PIT 10/26/2023 07:00PM ET,PIT,14.9
G,Joel Hofer (30546244),Joel Hofer,30546244,G,7000,STL@CGY 10/26/2023 09:00PM ET,STL,7.2
C,Roope Hintz (30545224),Roope Hintz,30545224,C/UTIL,7000,TOR@DAL 10/26/2023 08:00PM ET,DAL,13.08
LW,Jake Guentzel (30545444),Jake Guentzel,30545444,W/UTIL,7000,COL@PIT 10/26/2023 07:00PM ET,PIT,13.5
G,Kaapo Kahkonen (30546245),Kaapo Kahkonen,30546245,G,7000,SJ@TB 10/26/2023 07:00PM ET,SJ,9.1
G,MacKenzie Blackwood (30546246),MacKenzie Blackwood,30546246,G,7000,SJ@TB 10/26/2023 07:00PM ET,SJ,15.65
G,John Gibson (30546247),John Gibson,30546247,G,6900,ANH@BOS 10/26/2023 07:00PM ET,ANH,8.87
G,Joey Daccord (30546248),Joey Daccord,30546248,G,6900,SEA@CAR 10/26/2023 07:00PM ET,SEA,12.6
RW,Zach Hyman (30545446),Zach Hyman,30545446,W/UTIL,6900,NYR@EDM 10/26/2023 09:00PM ET,EDM,13.48
D,Erik Karlsson (30545844),Erik Karlsson,30545844,D/UTIL,6900,COL@PIT 10/26/2023 07:00PM ET,PIT,9.75
RW,Jordan Kyrou (30545448),Jordan Kyrou,30545448,W/UTIL,6800,STL@CGY 10/26/2023 09:00PM ET,STL,11.3
C,Evgeni Malkin (30545226),Evgeni Malkin,30545226,C/UTIL,6800,COL@PIT 10/26/2023 07:00PM ET,PIT,16.68
G,Lukas Dostal (30546249),Lukas Dostal,30546249,G,6700,ANH@BOS 10/26/2023 07:00PM ET,ANH,18.3
C,Elias Lindholm (30545228),Elias Lindholm,30545228,C/UTIL,6700,STL@CGY 10/26/2023 09:00PM ET,CGY,10.54
LW,Travis Konecny (30545450),Travis Konecny,30545450,W/UTIL,6700,MIN@PHI 10/26/2023 07:30PM ET,PHI,15.35
LW,Sebastian Aho (30545452),Sebastian Aho,30545452,W/UTIL,6600,SEA@CAR 10/26/2023 07:00PM ET,CAR,10.12
D,Brent Burns (30545846),Brent Burns,30545846,D/UTIL,6600,SEA@CAR 10/26/2023 07:00PM ET,CAR,9.6
C,Joel Eriksson Ek (30545230),Joel Eriksson Ek,30545230,C/UTIL,6600,MIN@PHI 10/26/2023 07:30PM ET,MIN,16.32
LW,Andrei Svechnikov (30545454),Andrei Svechnikov,30545454,W/UTIL,6500,SEA@CAR 10/26/2023 07:00PM ET,CAR,0
C,Mika Zibanejad (30545232),Mika Zibanejad,30545232,C/UTIL,6500,NYR@EDM 10/26/2023 09:00PM ET,NYR,10.9
D,Josh Morrissey (30545848),Josh Morrissey,30545848,D/UTIL,6500,WPG@DET 10/26/2023 07:00PM ET,WPG,11.6
LW,Artemi Panarin (30545456),Artemi Panarin,30545456,W/UTIL,6400,NYR@EDM 10/26/2023 09:00PM ET,NYR,14.67
C,Boone Jenner (30545234),Boone Jenner,30545234,C/UTIL,6400,CLS@MON 10/26/2023 07:00PM ET,CLS,16.13
D,Zach Werenski (30545850),Zach Werenski,30545850,D/UTIL,6400,CLS@MON 10/26/2023 07:00PM ET,CLS,12.3
LW,Frank Vatrano (30545460),Frank Vatrano,30545460,W/UTIL,6300,ANH@BOS 10/26/2023 07:00PM ET,ANH,18.87
D,Charlie McAvoy (30545852),Charlie McAvoy,30545852,D/UTIL,6300,ANH@BOS 10/26/2023 07:00PM ET,BOS,11.15
C,Ryan Nugent-Hopkins (30545236),Ryan Nugent-Hopkins,30545236,C/UTIL,6300,NYR@EDM 10/26/2023 09:00PM ET,EDM,10.92
LW,Cole Caufield (30545458),Cole Caufield,30545458,W/UTIL,6300,CLS@MON 10/26/2023 07:00PM ET,MON,13.22
C,Nazem Kadri (30545238),Nazem Kadri,30545238,C/UTIL,6200,STL@CGY 10/26/2023 09:00PM ET,CGY,6.47
D,Rasmus Andersson (30545854),Rasmus Andersson,30545854,D/UTIL,6200,STL@CGY 10/26/2023 09:00PM ET,CGY,13.44
RW,Joe Pavelski (30545464),Joe Pavelski,30545464,W/UTIL,6200,TOR@DAL 10/26/2023 08:00PM ET,DAL,13.86
RW,Seth Jarvis (30545462),Seth Jarvis,30545462,W/UTIL,6200,SEA@CAR 10/26/2023 07:00PM ET,CAR,12.83
D,Evan Bouchard (30545856),Evan Bouchard,30545856,D/UTIL,6100,NYR@EDM 10/26/2023 09:00PM ET,EDM,17.07
C,Mark Scheifele (30545240),Mark Scheifele,30545240,C/UTIL,6100,WPG@DET 10/26/2023 07:00PM ET,WPG,11.85
RW,Mats Zuccarello (30545466),Mats Zuccarello,30545466,W/UTIL,6100,MIN@PHI 10/26/2023 07:30PM ET,MIN,14.68
LW,Matt Boldy (30545468),Matt Boldy,30545468,W/UTIL,6100,MIN@PHI 10/26/2023 07:30PM ET,MIN,12.75
C,Trevor Zegras (30545242),Trevor Zegras,30545242,C/UTIL,6000,ANH@BOS 10/26/2023 07:00PM ET,ANH,7.1
RW,Patrik Laine (30545470),Patrik Laine,30545470,W/UTIL,6000,CLS@MON 10/26/2023 07:00PM ET,CLS,10.2
D,Mike Matheson (30545858),Mike Matheson,30545858,D/UTIL,6000,CLS@MON 10/26/2023 07:00PM ET,MON,13.55
RW,Claude Giroux (30545472),Claude Giroux,30545472,W/UTIL,6000,OTT@NYI 10/26/2023 07:30PM ET,OTT,10.05
LW,Jake DeBrusk (30545476),Jake DeBrusk,30545476,W/UTIL,5900,ANH@BOS 10/26/2023 07:00PM ET,BOS,6.98
D,Adam Fox (30545860),Adam Fox,30545860,D/UTIL,5900,NYR@EDM 10/26/2023 09:00PM ET,NYR,8.63
LW,Johnny Gaudreau (30545474),Johnny Gaudreau,30545474,W/UTIL,5900,CLS@MON 10/26/2023 07:00PM ET,CLS,9.68
C,Logan Couture (30545244),Logan Couture,30545244,C/UTIL,5900,SJ@TB 10/26/2023 07:00PM ET,SJ,0
C,Bo Horvat (30545246),Bo Horvat,30545246,C/UTIL,5800,OTT@NYI 10/26/2023 07:30PM ET,NYI,11.22
RW,Vladimir Tarasenko (30545480),Vladimir Tarasenko,30545480,W/UTIL,5800,OTT@NYI 10/26/2023 07:30PM ET,OTT,11.17
D,Jakob Chychrun (30545864),Jakob Chychrun,30545864,D/UTIL,5800,OTT@NYI 10/26/2023 07:30PM ET,OTT,12.42
LW,Artturi Lehkonen (30545478),Artturi Lehkonen,30545478,W/UTIL,5800,COL@PIT 10/26/2023 07:00PM ET,COL,14.35
D,Victor Hedman (30545862),Victor Hedman,30545862,D/UTIL,5800,SJ@TB 10/26/2023 07:00PM ET,TB,12.66
RW,Jared McCann (30545482),Jared McCann,30545482,W/UTIL,5700,SEA@CAR 10/26/2023 07:00PM ET,SEA,9.66
LW,Chris Kreider (30545484),Chris Kreider,30545484,W/UTIL,5700,NYR@EDM 10/26/2023 09:00PM ET,NYR,12.93
C,Brock Nelson (30545248),Brock Nelson,30545248,C/UTIL,5700,OTT@NYI 10/26/2023 07:30PM ET,NYI,11.98
D,Kris Letang (30545866),Kris Letang,30545866,D/UTIL,5700,COL@PIT 10/26/2023 07:00PM ET,PIT,7.88
C,Pavel Zacha (30545250),Pavel Zacha,30545250,C/UTIL,5600,ANH@BOS 10/26/2023 07:00PM ET,BOS,5.22
RW,Troy Terry (30545486),Troy Terry,30545486,W/UTIL,5600,ANH@BOS 10/26/2023 07:00PM ET,ANH,8.77
LW,Michael Bunting (30545488),Michael Bunting,30545488,W/UTIL,5600,SEA@CAR 10/26/2023 07:00PM ET,CAR,7.97
D,Noah Dobson (30545868),Noah Dobson,30545868,D/UTIL,5600,OTT@NYI 10/26/2023 07:30PM ET,NYI,17.5
RW,Martin Necas (30545490),Martin Necas,30545490,W/UTIL,5500,SEA@CAR 10/26/2023 07:00PM ET,CAR,9.54
C,Josh Norris (30545252),Josh Norris,30545252,C/UTIL,5500,OTT@NYI 10/26/2023 07:30PM ET,OTT,15.67
D,Jake Sanderson (30545870),Jake Sanderson,30545870,D/UTIL,5500,OTT@NYI 10/26/2023 07:30PM ET,OTT,12.53
RW,Rickard Rakell (30545492),Rickard Rakell,30545492,W/UTIL,5500,COL@PIT 10/26/2023 07:00PM ET,PIT,6.92
RW,Nikolaj Ehlers (30545496),Nikolaj Ehlers,30545496,W/UTIL,5400,WPG@DET 10/26/2023 07:00PM ET,WPG,4.38
D,Moritz Seider (30545872),Moritz Seider,30545872,D/UTIL,5400,WPG@DET 10/26/2023 07:00PM ET,DET,11.84
RW,Mathew Barzal (30545494),Mathew Barzal,30545494,W/UTIL,5400,OTT@NYI 10/26/2023 07:30PM ET,NYI,11.9
C,Tomas Hertl (30545254),Tomas Hertl,30545254,C/UTIL,5400,SJ@TB 10/26/2023 07:00PM ET,SJ,9.33
D,Miro Heiskanen (30545874),Miro Heiskanen,30545874,D/UTIL,5300,TOR@DAL 10/26/2023 08:00PM ET,DAL,11.88
C,Nick Suzuki (30545256),Nick Suzuki,30545256,C/UTIL,5300,CLS@MON 10/26/2023 07:00PM ET,MON,6.62
RW,Kirill Marchenko (30545498),Kirill Marchenko,30545498,W/UTIL,5300,CLS@MON 10/26/2023 07:00PM ET,CLS,8.62
RW,Drake Batherson (30545500),Drake Batherson,30545500,W/UTIL,5300,OTT@NYI 10/26/2023 07:30PM ET,OTT,5.93
LW,Pavel Buchnevich (30545502),Pavel Buchnevich,30545502,W/UTIL,5200,STL@CGY 10/26/2023 09:00PM ET,STL,6.43
LW,Jonathan Huberdeau (30545504),Jonathan Huberdeau,30545504,W/UTIL,5200,STL@CGY 10/26/2023 09:00PM ET,CGY,7.81
D,Noah Hanifin (30545876),Noah Hanifin,30545876,D/UTIL,5200,STL@CGY 10/26/2023 09:00PM ET,CGY,8.57
C,Ryan Hartman (30545258),Ryan Hartman,30545258,C/UTIL,5200,MIN@PHI 10/26/2023 07:30PM ET,MIN,15
C,Mikael Backlund (30545260),Mikael Backlund,30545260,C/UTIL,5100,STL@CGY 10/26/2023 09:00PM ET,CGY,8.96
LW,Evander Kane (30545508),Evander Kane,30545508,W/UTIL,5100,NYR@EDM 10/26/2023 09:00PM ET,EDM,7.08
RW,Brandon Hagel (30545506),Brandon Hagel,30545506,W/UTIL,5100,SJ@TB 10/26/2023 07:00PM ET,TB,11.41
D,Mikhail Sergachev (30545878),Mikhail Sergachev,30545878,D/UTIL,5100,SJ@TB 10/26/2023 07:00PM ET,TB,8.7
LW,Andrew Mangiapane (30545510),Andrew Mangiapane,30545510,W/UTIL,5000,STL@CGY 10/26/2023 09:00PM ET,CGY,8.54
C,Matty Beniers (30545262),Matty Beniers,30545262,C/UTIL,5000,SEA@CAR 10/26/2023 07:00PM ET,SEA,4.71
D,Thomas Chabot (30545880),Thomas Chabot,30545880,D/UTIL,5000,OTT@NYI 10/26/2023 07:30PM ET,OTT,8.73
D,Jared Spurgeon (30545882),Jared Spurgeon,30545882,D/UTIL,5000,MIN@PHI 10/26/2023 07:30PM ET,MIN,0
RW,Bryan Rust (30545512),Bryan Rust,30545512,W/UTIL,5000,COL@PIT 10/26/2023 07:00PM ET,PIT,14.57
C,Mason McTavish (30545264),Mason McTavish,30545264,C/UTIL,4900,ANH@BOS 10/26/2023 07:00PM ET,ANH,9.27
LW,James van Riemsdyk (30545514),James van Riemsdyk,30545514,W/UTIL,4900,ANH@BOS 10/26/2023 07:00PM ET,BOS,9.88
D,Shayne Gostisbehere (30545884),Shayne Gostisbehere,30545884,D/UTIL,4900,WPG@DET 10/26/2023 07:00PM ET,DET,13.11
D,MacKenzie Weegar (30545886),MacKenzie Weegar,30545886,D/UTIL,4800,STL@CGY 10/26/2023 09:00PM ET,CGY,11.97
LW,Jamie Benn (30545516),Jamie Benn,30545516,W/UTIL,4800,TOR@DAL 10/26/2023 08:00PM ET,DAL,10
C,Vincent Trocheck (30545266),Vincent Trocheck,30545266,C/UTIL,4800,NYR@EDM 10/26/2023 09:00PM ET,NYR,4.97
D,Jacob Trouba (30545888),Jacob Trouba,30545888,D/UTIL,4800,NYR@EDM 10/26/2023 09:00PM ET,NYR,13.42
C,Brayden Schenn (30545268),Brayden Schenn,30545268,C/UTIL,4700,STL@CGY 10/26/2023 09:00PM ET,STL,3.88
D,Morgan Rielly (30545892),Morgan Rielly,30545892,D/UTIL,4700,TOR@DAL 10/26/2023 08:00PM ET,TOR,10.23
RW,Gabriel Vilardi (30545520),Gabriel Vilardi,30545520,W/UTIL,4700,WPG@DET 10/26/2023 07:00PM ET,WPG,8.03
D,Ivan Provorov (30545890),Ivan Provorov,30545890,D/UTIL,4700,CLS@MON 10/26/2023 07:00PM ET,CLS,11.82
RW,Valeri Nichushkin (30545518),Valeri Nichushkin,30545518,W/UTIL,4700,COL@PIT 10/26/2023 07:00PM ET,COL,9.3
D,Torey Krug (30545894),Torey Krug,30545894,D/UTIL,4600,STL@CGY 10/26/2023 09:00PM ET,STL,7.28
LW,Tyler Bertuzzi (30545526),Tyler Bertuzzi,30545526,W/UTIL,4600,TOR@DAL 10/26/2023 08:00PM ET,TOR,6.65
D,Jake Walman (30545896),Jake Walman,30545896,D/UTIL,4600,WPG@DET 10/26/2023 07:00PM ET,DET,9.2
C,Sean Couturier (30545270),Sean Couturier,30545270,C/UTIL,4600,MIN@PHI 10/26/2023 07:30PM ET,PHI,8.15
RW,Cam Atkinson (30545522),Cam Atkinson,30545522,W/UTIL,4600,MIN@PHI 10/26/2023 07:30PM ET,PHI,10.78
RW,Bobby Brink (30545524),Bobby Brink,30545524,W/UTIL,4600,MIN@PHI 10/26/2023 07:30PM ET,PHI,6.34
RW,Matt Coronato (30545528),Matt Coronato,30545528,W/UTIL,4500,STL@CGY 10/26/2023 09:00PM ET,CGY,4.5
D,Justin Faulk (30545900),Justin Faulk,30545900,D/UTIL,4500,STL@CGY 10/26/2023 09:00PM ET,STL,8.36
RW,Alex Iafallo (30545530),Alex Iafallo,30545530,W/UTIL,4500,WPG@DET 10/26/2023 07:00PM ET,WPG,11.57
RW,Andrew Copp (30545532),Andrew Copp,30545532,W/UTIL,4500,WPG@DET 10/26/2023 07:00PM ET,DET,12.7
C,Scott Laughton (30545272),Scott Laughton,30545272,C/UTIL,4500,MIN@PHI 10/26/2023 07:30PM ET,PHI,11.47
D,Devon Toews (30545898),Devon Toews,30545898,D/UTIL,4500,COL@PIT 10/26/2023 07:00PM ET,COL,8.3
D,Jaccob Slavin (30545902),Jaccob Slavin,30545902,D/UTIL,4400,SEA@CAR 10/26/2023 07:00PM ET,CAR,14.84
D,Darnell Nurse (30545904),Darnell Nurse,30545904,D/UTIL,4400,NYR@EDM 10/26/2023 09:00PM ET,EDM,8.95
C,J.T. Compher (30545274),J.T. Compher,30545274,C/UTIL,4400,WPG@DET 10/26/2023 07:00PM ET,DET,5.97
RW,Kyle Palmieri (30545536),Kyle Palmieri,30545536,W/UTIL,4400,OTT@NYI 10/26/2023 07:30PM ET,NYI,10.26
LW,Owen Tippett (30545534),Owen Tippett,30545534,W/UTIL,4400,MIN@PHI 10/26/2023 07:30PM ET,PHI,8.87
LW,Reilly Smith (30545538),Reilly Smith,30545538,W/UTIL,4400,COL@PIT 10/26/2023 07:00PM ET,PIT,9.22
LW,Adam Henrique (30545540),Adam Henrique,30545540,W/UTIL,4300,ANH@BOS 10/26/2023 07:00PM ET,ANH,4.24
C,Jesperi Kotkaniemi (30545276),Jesperi Kotkaniemi,30545276,C/UTIL,4300,SEA@CAR 10/26/2023 07:00PM ET,CAR,11.17
D,Tony DeAngelo (30545906),Tony DeAngelo,30545906,D/UTIL,4300,SEA@CAR 10/26/2023 07:00PM ET,CAR,5.91
D,Vince Dunn (30545908),Vince Dunn,30545908,D/UTIL,4300,SEA@CAR 10/26/2023 07:00PM ET,SEA,9.34
LW,David Perron (30545542),David Perron,30545542,W/UTIL,4300,WPG@DET 10/26/2023 07:00PM ET,DET,7.23
RW,Daniel Sprong (30545544),Daniel Sprong,30545544,W/UTIL,4300,WPG@DET 10/26/2023 07:00PM ET,DET,8.4
D,Hampus Lindholm (30545910),Hampus Lindholm,30545910,D/UTIL,4200,ANH@BOS 10/26/2023 07:00PM ET,BOS,5.45
C,Matt Duchene (30545280),Matt Duchene,30545280,C/UTIL,4200,TOR@DAL 10/26/2023 08:00PM ET,DAL,5.72
RW,Tyler Seguin (30545550),Tyler Seguin,30545550,W/UTIL,4200,TOR@DAL 10/26/2023 08:00PM ET,DAL,6.58
RW,Andre Burakovsky (30545546),Andre Burakovsky,30545546,W/UTIL,4200,SEA@CAR 10/26/2023 07:00PM ET,SEA,5.82
C,Filip Chytil (30545278),Filip Chytil,30545278,C/UTIL,4200,NYR@EDM 10/26/2023 09:00PM ET,NYR,10.4
RW,Lucas Raymond (30545548),Lucas Raymond,30545548,W/UTIL,4200,WPG@DET 10/26/2023 07:00PM ET,DET,8.3
D,Ryan Graves (30545912),Ryan Graves,30545912,D/UTIL,4200,COL@PIT 10/26/2023 07:00PM ET,PIT,7.48
RW,Ryan Strome (30545552),Ryan Strome,30545552,W/UTIL,4100,ANH@BOS 10/26/2023 07:00PM ET,ANH,8.55
D,Cam Fowler (30545914),Cam Fowler,30545914,D/UTIL,4100,ANH@BOS 10/26/2023 07:00PM ET,ANH,7.38
D,John Klingberg (30545916),John Klingberg,30545916,D/UTIL,4100,TOR@DAL 10/26/2023 08:00PM ET,TOR,6.5
C,Teuvo Teravainen (30545282),Teuvo Teravainen,30545282,C/UTIL,4100,SEA@CAR 10/26/2023 07:00PM ET,CAR,8.61
LW,Anders Lee (30545556),Anders Lee,30545556,W/UTIL,4100,OTT@NYI 10/26/2023 07:30PM ET,NYI,5.96
LW,Joel Farabee (30545554),Joel Farabee,30545554,W/UTIL,4100,MIN@PHI 10/26/2023 07:30PM ET,PHI,8.77
D,Pavel Mintyukov (30545918),Pavel Mintyukov,30545918,D/UTIL,4000,ANH@BOS 10/26/2023 07:00PM ET,ANH,7.6
C,Robert Thomas (30545284),Robert Thomas,30545284,C/UTIL,4000,STL@CGY 10/26/2023 09:00PM ET,STL,8.44
LW,Jakub Vrana (30545558),Jakub Vrana,30545558,W/UTIL,4000,STL@CGY 10/26/2023 09:00PM ET,STL,5.8
LW,Mathieu Joseph (30545560),Mathieu Joseph,30545560,W/UTIL,4000,OTT@NYI 10/26/2023 07:30PM ET,OTT,11.78
D,Travis Sanheim (30545920),Travis Sanheim,30545920,D/UTIL,4000,MIN@PHI 10/26/2023 07:30PM ET,PHI,11.38
D,Calen Addison (30545922),Calen Addison,30545922,D/UTIL,4000,MIN@PHI 10/26/2023 07:30PM ET,MIN,5.9
RW,Anthony Duclair (30545562),Anthony Duclair,30545562,W/UTIL,4000,SJ@TB 10/26/2023 07:00PM ET,SJ,3.6
LW,Brandon Saad (30545566),Brandon Saad,30545566,W/UTIL,3900,STL@CGY 10/26/2023 09:00PM ET,STL,8.12
RW,Jordan Eberle (30545568),Jordan Eberle,30545568,W/UTIL,3900,SEA@CAR 10/26/2023 07:00PM ET,SEA,6.04
D,Neal Pionk (30545926),Neal Pionk,30545926,D/UTIL,3900,WPG@DET 10/26/2023 07:00PM ET,WPG,6.3
C,Sean Monahan (30545286),Sean Monahan,30545286,C/UTIL,3900,CLS@MON 10/26/2023 07:00PM ET,MON,8.67
LW,Jack Roslovic (30545564),Jack Roslovic,30545564,W/UTIL,3900,CLS@MON 10/26/2023 07:00PM ET,CLS,8.6
D,David Savard (30545924),David Savard,30545924,D/UTIL,3900,CLS@MON 10/26/2023 07:00PM ET,MON,8.04
D,Jonas Brodin (30545928),Jonas Brodin,30545928,D/UTIL,3900,MIN@PHI 10/26/2023 07:30PM ET,MIN,11.05
RW,Mike Hoffman (30545570),Mike Hoffman,30545570,W/UTIL,3900,SJ@TB 10/26/2023 07:00PM ET,SJ,3.73
C,Matthew Poitras (30545288),Matthew Poitras,30545288,C/UTIL,3800,ANH@BOS 10/26/2023 07:00PM ET,BOS,8.48
LW,Jaden Schwartz (30545574),Jaden Schwartz,30545574,W/UTIL,3800,SEA@CAR 10/26/2023 07:00PM ET,SEA,10.53
LW,Eeli Tolvanen (30545576),Eeli Tolvanen,30545576,W/UTIL,3800,SEA@CAR 10/26/2023 07:00PM ET,SEA,5.64
RW,Kaapo Kakko (30545578),Kaapo Kakko,30545578,W/UTIL,3800,NYR@EDM 10/26/2023 09:00PM ET,NYR,4.97
D,Jeff Petry (30545936),Jeff Petry,30545936,D/UTIL,3800,WPG@DET 10/26/2023 07:00PM ET,DET,5.3
RW,Josh Anderson (30545572),Josh Anderson,30545572,W/UTIL,3800,CLS@MON 10/26/2023 07:00PM ET,MON,5.23
D,Adam Pelech (30545930),Adam Pelech,30545930,D/UTIL,3800,OTT@NYI 10/26/2023 07:30PM ET,NYI,7.04
D,Ryan Pulock (30545932),Ryan Pulock,30545932,D/UTIL,3800,OTT@NYI 10/26/2023 07:30PM ET,NYI,6.56
D,Scott Mayfield (30545934),Scott Mayfield,30545934,D/UTIL,3800,OTT@NYI 10/26/2023 07:30PM ET,NYI,11.2
LW,Calle Jarnkrok (30545584),Calle Jarnkrok,30545584,W/UTIL,3700,TOR@DAL 10/26/2023 08:00PM ET,TOR,5.12
RW,Oliver Bjorkstrand (30545582),Oliver Bjorkstrand,30545582,W/UTIL,3700,SEA@CAR 10/26/2023 07:00PM ET,SEA,7.71
D,Brett Pesce (30545940),Brett Pesce,30545940,D/UTIL,3700,SEA@CAR 10/26/2023 07:00PM ET,CAR,10.24
D,Adam Larsson (30545942),Adam Larsson,30545942,D/UTIL,3700,SEA@CAR 10/26/2023 07:00PM ET,SEA,7.63
D,Justin Schultz (30545944),Justin Schultz,30545944,D/UTIL,3700,SEA@CAR 10/26/2023 07:00PM ET,SEA,3.89
LW,Nino Niederreiter (30545580),Nino Niederreiter,30545580,W/UTIL,3700,WPG@DET 10/26/2023 07:00PM ET,WPG,5.78
C,Morgan Frost (30545290),Morgan Frost,30545290,C/UTIL,3700,MIN@PHI 10/26/2023 07:30PM ET,PHI,2.15
LW,Marcus Johansson (30545588),Marcus Johansson,30545588,W/UTIL,3700,MIN@PHI 10/26/2023 07:30PM ET,MIN,6.32
D,Rasmus Ristolainen (30545938),Rasmus Ristolainen,30545938,D/UTIL,3700,MIN@PHI 10/26/2023 07:30PM ET,PHI,0
LW,Alexander Barabanov (30545586),Alexander Barabanov,30545586,W/UTIL,3700,SJ@TB 10/26/2023 07:00PM ET,SJ,2.47
RW,Blake Coleman (30545590),Blake Coleman,30545590,W/UTIL,3600,STL@CGY 10/26/2023 09:00PM ET,CGY,7.74
LW,Adam Ruzicka (30545592),Adam Ruzicka,30545592,W/UTIL,3600,STL@CGY 10/26/2023 09:00PM ET,CGY,5.54
D,T.J. Brodie (30545948),T.J. Brodie,30545948,D/UTIL,3600,TOR@DAL 10/26/2023 08:00PM ET,TOR,9.85
RW,Mattias Janmark (30545596),Mattias Janmark,30545596,W/UTIL,3600,NYR@EDM 10/26/2023 09:00PM ET,EDM,1.93
LW,Michael Rasmussen (30545598),Michael Rasmussen,30545598,W/UTIL,3600,WPG@DET 10/26/2023 07:00PM ET,DET,6.51
D,Ben Chiarot (30545950),Ben Chiarot,30545950,D/UTIL,3600,WPG@DET 10/26/2023 07:00PM ET,DET,7.56
D,Brock Faber (30545954),Brock Faber,30545954,D/UTIL,3600,MIN@PHI 10/26/2023 07:30PM ET,MIN,7.13
C,Ryan Johansen (30545292),Ryan Johansen,30545292,C/UTIL,3600,COL@PIT 10/26/2023 07:00PM ET,COL,11.18
D,Bowen Byram (30545946),Bowen Byram,30545946,D/UTIL,3600,COL@PIT 10/26/2023 07:00PM ET,COL,6.42
LW,Alex Barre-Boulet (30545594),Alex Barre-Boulet,30545594,W/UTIL,3600,SJ@TB 10/26/2023 07:00PM ET,TB,6.1
D,Kyle Burroughs (30545952),Kyle Burroughs,30545952,D/UTIL,3600,SJ@TB 10/26/2023 07:00PM ET,SJ,4.88
RW,Yegor Sharangovich (30545606),Yegor Sharangovich,30545606,W/UTIL,3500,STL@CGY 10/26/2023 09:00PM ET,CGY,4.26
D,Colton Parayko (30545960),Colton Parayko,30545960,D/UTIL,3500,STL@CGY 10/26/2023 09:00PM ET,STL,8.42
D,Mark Giordano (30545962),Mark Giordano,30545962,D/UTIL,3500,TOR@DAL 10/26/2023 08:00PM ET,TOR,9.05
LW,Tye Kartye (30545608),Tye Kartye,30545608,W/UTIL,3500,SEA@CAR 10/26/2023 07:00PM ET,SEA,7.8
C,Adam Fantilli (30545296),Adam Fantilli,30545296,C/UTIL,3500,CLS@MON 10/26/2023 07:00PM ET,CLS,8.68
LW,Kent Johnson (30545602),Kent Johnson,30545602,W/UTIL,3500,CLS@MON 10/26/2023 07:00PM ET,CLS,5.88
LW,Rafael Harvey-Pinard (30545604),Rafael Harvey-Pinard,30545604,W/UTIL,3500,CLS@MON 10/26/2023 07:00PM ET,MON,5.27
D,Jake Bean (30545956),Jake Bean,30545956,D/UTIL,3500,CLS@MON 10/26/2023 07:00PM ET,CLS,9.22
D,Andrew Peeke (30545958),Andrew Peeke,30545958,D/UTIL,3500,CLS@MON 10/26/2023 07:00PM ET,CLS,6.9
RW,Jonathan Drouin (30545600),Jonathan Drouin,30545600,W/UTIL,3500,COL@PIT 10/26/2023 07:00PM ET,COL,2.83
C,Nicholas Paul (30545294),Nicholas Paul,30545294,C/UTIL,3500,SJ@TB 10/26/2023 07:00PM ET,TB,10.24
D,Mario Ferraro (30545964),Mario Ferraro,30545964,D/UTIL,3500,SJ@TB 10/26/2023 07:00PM ET,SJ,12.2
RW,Morgan Geekie (30545610),Morgan Geekie,30545610,W/UTIL,3400,ANH@BOS 10/26/2023 07:00PM ET,BOS,6.7
D,Kevin Shattenkirk (30545970),Kevin Shattenkirk,30545970,D/UTIL,3400,ANH@BOS 10/26/2023 07:00PM ET,BOS,5
C,Dillon Dube (30545298),Dillon Dube,30545298,C/UTIL,3400,STL@CGY 10/26/2023 09:00PM ET,CGY,5.53
C,Wyatt Johnston (30545300),Wyatt Johnston,30545300,C/UTIL,3400,TOR@DAL 10/26/2023 08:00PM ET,DAL,12.46
LW,Matthew Knies (30545614),Matthew Knies,30545614,W/UTIL,3400,TOR@DAL 10/26/2023 08:00PM ET,TOR,6.82
RW,Alexis Lafreniere (30545616),Alexis Lafreniere,30545616,W/UTIL,3400,NYR@EDM 10/26/2023 09:00PM ET,NYR,6.22
D,K'Andre Miller (30545974),K'Andre Miller,30545974,D/UTIL,3400,NYR@EDM 10/26/2023 09:00PM ET,NYR,6.43
RW,Robby Fabbri (30545618),Robby Fabbri,30545618,W/UTIL,3400,WPG@DET 10/26/2023 07:00PM ET,DET,11.5
LW,Tanner Pearson (30545612),Tanner Pearson,30545612,W/UTIL,3400,CLS@MON 10/26/2023 07:00PM ET,MON,11.25
D,Damon Severson (30545968),Damon Severson,30545968,D/UTIL,3400,CLS@MON 10/26/2023 07:00PM ET,CLS,5.15
D,Cam York (30545972),Cam York,30545972,D/UTIL,3400,MIN@PHI 10/26/2023 07:30PM ET,PHI,8.63
D,Samuel Girard (30545966),Samuel Girard,30545966,D/UTIL,3400,COL@PIT 10/26/2023 07:00PM ET,COL,7.12
D,Brandon Carlo (30545978),Brandon Carlo,30545978,D/UTIL,3300,ANH@BOS 10/26/2023 07:00PM ET,BOS,7.27
RW,Kasperi Kapanen (30545622),Kasperi Kapanen,30545622,W/UTIL,3300,STL@CGY 10/26/2023 09:00PM ET,STL,3.76
RW,Max Domi (30545626),Max Domi,30545626,W/UTIL,3300,TOR@DAL 10/26/2023 08:00PM ET,TOR,5.55
D,Mattias Ekholm (30545984),Mattias Ekholm,30545984,D/UTIL,3300,NYR@EDM 10/26/2023 09:00PM ET,EDM,6.16
RW,Mason Appleton (30545624),Mason Appleton,30545624,W/UTIL,3300,WPG@DET 10/26/2023 07:00PM ET,WPG,7.33
D,Dylan DeMelo (30545982),Dylan DeMelo,30545982,D/UTIL,3300,WPG@DET 10/26/2023 07:00PM ET,WPG,10.35
RW,Alexandre Texier (30545620),Alexandre Texier,30545620,W/UTIL,3300,CLS@MON 10/26/2023 07:00PM ET,CLS,3.12
D,Erik Gudbranson (30545976),Erik Gudbranson,30545976,D/UTIL,3300,CLS@MON 10/26/2023 07:00PM ET,CLS,8.08
D,Kaiden Guhle (30545980),Kaiden Guhle,30545980,D/UTIL,3300,CLS@MON 10/26/2023 07:00PM ET,MON,11.63
C,Ridly Greig (30545304),Ridly Greig,30545304,C/UTIL,3300,OTT@NYI 10/26/2023 07:30PM ET,OTT,8.47
D,Artem Zub (30545986),Artem Zub,30545986,D/UTIL,3300,OTT@NYI 10/26/2023 07:30PM ET,OTT,9.05
C,Anthony Cirelli (30545302),Anthony Cirelli,30545302,C/UTIL,3300,SJ@TB 10/26/2023 07:00PM ET,TB,6.73
C,Charlie Coyle (30545306),Charlie Coyle,30545306,C/UTIL,3200,ANH@BOS 10/26/2023 07:00PM ET,BOS,5.58
C,Leo Carlsson (30545308),Leo Carlsson,30545308,C/UTIL,3200,ANH@BOS 10/26/2023 07:00PM ET,ANH,9.4
D,Chris Tanev (30545988),Chris Tanev,30545988,D/UTIL,3200,STL@CGY 10/26/2023 09:00PM ET,CGY,5.81
D,Ryan Suter (30545998),Ryan Suter,30545998,D/UTIL,3200,TOR@DAL 10/26/2023 08:00PM ET,DAL,4.96
LW,Jordan Martinook (30545630),Jordan Martinook,30545630,W/UTIL,3200,SEA@CAR 10/26/2023 07:00PM ET,CAR,4.57
D,Dmitry Orlov (30545992),Dmitry Orlov,30545992,D/UTIL,3200,SEA@CAR 10/26/2023 07:00PM ET,CAR,4.9
LW,Dominik Kubalik (30545634),Dominik Kubalik,30545634,W/UTIL,3200,OTT@NYI 10/26/2023 07:30PM ET,OTT,1.72
D,Alexander Romanov (30545994),Alexander Romanov,30545994,D/UTIL,3200,OTT@NYI 10/26/2023 07:30PM ET,NYI,6.68
D,Sean Walker (30545990),Sean Walker,30545990,D/UTIL,3200,MIN@PHI 10/26/2023 07:30PM ET,PHI,9.72
D,Jake Middleton (30546000),Jake Middleton,30546000,D/UTIL,3200,MIN@PHI 10/26/2023 07:30PM ET,MIN,10.78
LW,Tomas Tatar (30545628),Tomas Tatar,30545628,W/UTIL,3200,COL@PIT 10/26/2023 07:00PM ET,COL,4.67
D,Marcus Pettersson (30545996),Marcus Pettersson,30545996,D/UTIL,3200,COL@PIT 10/26/2023 07:00PM ET,PIT,6.05
RW,Tyler Motte (30545632),Tyler Motte,30545632,W/UTIL,3200,SJ@TB 10/26/2023 07:00PM ET,TB,1.3
RW,Jakob Silfverberg (30545638),Jakob Silfverberg,30545638,W/UTIL,3100,ANH@BOS 10/26/2023 07:00PM ET,ANH,4.63
D,Matt Grzelcyk (30546002),Matt Grzelcyk,30546002,D/UTIL,3100,ANH@BOS 10/26/2023 07:00PM ET,BOS,3.52
D,Radko Gudas (30546006),Radko Gudas,30546006,D/UTIL,3100,ANH@BOS 10/26/2023 07:00PM ET,ANH,4.57
D,Jamie Drysdale (30546008),Jamie Drysdale,30546008,D/UTIL,3100,ANH@BOS 10/26/2023 07:00PM ET,ANH,7.9
D,Nick Leddy (30546004),Nick Leddy,30546004,D/UTIL,3100,STL@CGY 10/26/2023 09:00PM ET,STL,4.74
D,Jake McCabe (30546010),Jake McCabe,30546010,D/UTIL,3100,TOR@DAL 10/26/2023 08:00PM ET,TOR,4.45
D,Esa Lindell (30546016),Esa Lindell,30546016,D/UTIL,3100,TOR@DAL 10/26/2023 08:00PM ET,DAL,6.16
LW,Warren Foegele (30545640),Warren Foegele,30545640,W/UTIL,3100,NYR@EDM 10/26/2023 09:00PM ET,EDM,9.05
C,Alex Newhook (30545310),Alex Newhook,30545310,C/UTIL,3100,CLS@MON 10/26/2023 07:00PM ET,MON,8.23
RW,Brendan Gallagher (30545636),Brendan Gallagher,30545636,W/UTIL,3100,CLS@MON 10/26/2023 07:00PM ET,MON,6.67
D,Travis Hamonic (30546012),Travis Hamonic,30546012,D/UTIL,3100,OTT@NYI 10/26/2023 07:30PM ET,OTT,4.82
RW,Frederick Gaudreau (30545644),Frederick Gaudreau,30545644,W/UTIL,3100,MIN@PHI 10/26/2023 07:30PM ET,MIN,2.47
C,Mikael Granlund (30545312),Mikael Granlund,30545312,C/UTIL,3100,SJ@TB 10/26/2023 07:00PM ET,SJ,0
LW,Filip Zadina (30545642),Filip Zadina,30545642,W/UTIL,3100,SJ@TB 10/26/2023 07:00PM ET,SJ,6.7
D,Jan Rutta (30546014),Jan Rutta,30546014,D/UTIL,3100,SJ@TB 10/26/2023 07:00PM ET,SJ,6.25
RW,Trent Frederic (30545650),Trent Frederic,30545650,W/UTIL,3000,ANH@BOS 10/26/2023 07:00PM ET,BOS,7.6
D,Urho Vaakanainen (30546024),Urho Vaakanainen,30546024,D/UTIL,3000,ANH@BOS 10/26/2023 07:00PM ET,ANH,1.5
D,Jackson LaCombe (30546026),Jackson LaCombe,30546026,D/UTIL,3000,ANH@BOS 10/26/2023 07:00PM ET,ANH,5
D,Ilya Lyubushkin (30546028),Ilya Lyubushkin,30546028,D/UTIL,3000,ANH@BOS 10/26/2023 07:00PM ET,ANH,7.8
C,Yanni Gourde (30545318),Yanni Gourde,30545318,C/UTIL,3000,SEA@CAR 10/26/2023 07:00PM ET,SEA,4.93
LW,Stefan Noesen (30545652),Stefan Noesen,30545652,W/UTIL,3000,SEA@CAR 10/26/2023 07:00PM ET,CAR,6.26
D,Ryan Lindgren (30546030),Ryan Lindgren,30546030,D/UTIL,3000,NYR@EDM 10/26/2023 09:00PM ET,NYR,2.2
D,Erik Gustafsson (30546032),Erik Gustafsson,30546032,D/UTIL,3000,NYR@EDM 10/26/2023 09:00PM ET,NYR,9.02
C,Vladislav Namestnikov (30545316),Vladislav Namestnikov,30545316,C/UTIL,3000,WPG@DET 10/26/2023 07:00PM ET,WPG,7.28
LW,Cole Perfetti (30545654),Cole Perfetti,30545654,W/UTIL,3000,WPG@DET 10/26/2023 07:00PM ET,WPG,7.05
RW,Emil Bemstrom (30545646),Emil Bemstrom,30545646,W/UTIL,3000,CLS@MON 10/26/2023 07:00PM ET,CLS,5.52
LW,Justin Danforth (30545648),Justin Danforth,30545648,W/UTIL,3000,CLS@MON 10/26/2023 07:00PM ET,CLS,8.95
D,Justin Barron (30546022),Justin Barron,30546022,D/UTIL,3000,CLS@MON 10/26/2023 07:00PM ET,MON,9.83
C,Noah Cates (30545314),Noah Cates,30545314,C/UTIL,3000,MIN@PHI 10/26/2023 07:30PM ET,PHI,6.07
D,Josh Manson (30546020),Josh Manson,30546020,D/UTIL,3000,COL@PIT 10/26/2023 07:00PM ET,COL,7.45
D,Erik Cernak (30546018),Erik Cernak,30546018,D/UTIL,3000,SJ@TB 10/26/2023 07:00PM ET,TB,2.16
C,Kevin Hayes (30545320),Kevin Hayes,30545320,C/UTIL,2900,STL@CGY 10/26/2023 09:00PM ET,STL,2.16
RW,Evgenii Dadonov (30545664),Evgenii Dadonov,30545664,W/UTIL,2900,TOR@DAL 10/26/2023 08:00PM ET,DAL,3.98
D,Thomas Harley (30546044),Thomas Harley,30546044,D/UTIL,2900,TOR@DAL 10/26/2023 08:00PM ET,DAL,7.02
C,Jordan Staal (30545322),Jordan Staal,30545322,C/UTIL,2900,SEA@CAR 10/26/2023 07:00PM ET,CAR,6.27
D,Brady Skjei (30546036),Brady Skjei,30546036,D/UTIL,2900,SEA@CAR 10/26/2023 07:00PM ET,CAR,9.71
D,Jamie Oleksiak (30546040),Jamie Oleksiak,30546040,D/UTIL,2900,SEA@CAR 10/26/2023 07:00PM ET,SEA,7.54
RW,Connor Brown (30545660),Connor Brown,30545660,W/UTIL,2900,NYR@EDM 10/26/2023 09:00PM ET,EDM,1.72
C,Joe Veleno (30545324),Joe Veleno,30545324,C/UTIL,2900,WPG@DET 10/26/2023 07:00PM ET,DET,8.24
RW,Juraj Slafkovsky (30545656),Juraj Slafkovsky,30545656,W/UTIL,2900,CLS@MON 10/26/2023 07:00PM ET,MON,2.98
LW,Pierre Engvall (30545658),Pierre Engvall,30545658,W/UTIL,2900,OTT@NYI 10/26/2023 07:30PM ET,NYI,3.2
D,Sebastian Aho (30546038),Sebastian Aho,30546038,D/UTIL,2900,OTT@NYI 10/26/2023 07:30PM ET,NYI,4.52
D,Egor Zamula (30546034),Egor Zamula,30546034,D/UTIL,2900,MIN@PHI 10/26/2023 07:30PM ET,PHI,10.02
RW,Kevin Labanc (30545662),Kevin Labanc,30545662,W/UTIL,2900,SJ@TB 10/26/2023 07:00PM ET,SJ,3.43
D,Matt Benning (30546042),Matt Benning,30546042,D/UTIL,2900,SJ@TB 10/26/2023 07:00PM ET,SJ,6.18
D,Nikita Zadorov (30546050),Nikita Zadorov,30546050,D/UTIL,2800,STL@CGY 10/26/2023 09:00PM ET,CGY,5.09
LW,Noah Gregor (30545674),Noah Gregor,30545674,W/UTIL,2800,TOR@DAL 10/26/2023 08:00PM ET,TOR,6.07
D,Timothy Liljegren (30546058),Timothy Liljegren,30546058,D/UTIL,2800,TOR@DAL 10/26/2023 08:00PM ET,TOR,5.68
LW,Brandon Tanev (30545672),Brandon Tanev,30545672,W/UTIL,2800,SEA@CAR 10/26/2023 07:00PM ET,SEA,4.1
D,Nate Schmidt (30546052),Nate Schmidt,30546052,D/UTIL,2800,WPG@DET 10/26/2023 07:00PM ET,WPG,3.02
C,Cole Sillinger (30545326),Cole Sillinger,30545326,C/UTIL,2800,CLS@MON 10/26/2023 07:00PM ET,CLS,5
D,Adam Boqvist (30546046),Adam Boqvist,30546046,D/UTIL,2800,CLS@MON 10/26/2023 07:00PM ET,CLS,2.8
D,Arber Xhekaj (30546048),Arber Xhekaj,30546048,D/UTIL,2800,CLS@MON 10/26/2023 07:00PM ET,MON,4.28
C,Jean-Gabriel Pageau (30545328),Jean-Gabriel Pageau,30545328,C/UTIL,2800,OTT@NYI 10/26/2023 07:30PM ET,NYI,6.26
LW,Simon Holmstrom (30545670),Simon Holmstrom,30545670,W/UTIL,2800,OTT@NYI 10/26/2023 07:30PM ET,NYI,5.35
C,Marco Rossi (30545332),Marco Rossi,30545332,C/UTIL,2800,MIN@PHI 10/26/2023 07:30PM ET,MIN,7.95
RW,Tyson Foerster (30545668),Tyson Foerster,30545668,W/UTIL,2800,MIN@PHI 10/26/2023 07:30PM ET,PHI,3.92
RW,Logan O'Connor (30545666),Logan O'Connor,30545666,W/UTIL,2800,COL@PIT 10/26/2023 07:00PM ET,COL,8.52
C,Thomas Bordeleau (30545330),Thomas Bordeleau,30545330,C/UTIL,2800,SJ@TB 10/26/2023 07:00PM ET,SJ,5.32
LW,William Eklund (30545676),William Eklund,30545676,W/UTIL,2800,SJ@TB 10/26/2023 07:00PM ET,SJ,5.05
D,Nick Perbix (30546054),Nick Perbix,30546054,D/UTIL,2800,SJ@TB 10/26/2023 07:00PM ET,TB,4.47
D,Darren Raddysh (30546056),Darren Raddysh,30546056,D/UTIL,2800,SJ@TB 10/26/2023 07:00PM ET,TB,6.39
C,Bo Groulx (30545336),Bo Groulx,30545336,C/UTIL,2700,ANH@BOS 10/26/2023 07:00PM ET,ANH,2.02
LW,Max Jones (30545682),Max Jones,30545682,W/UTIL,2700,ANH@BOS 10/26/2023 07:00PM ET,ANH,2.1
D,Derek Forbort (30546062),Derek Forbort,30546062,D/UTIL,2700,ANH@BOS 10/26/2023 07:00PM ET,BOS,8.98
RW,Sammy Blais (30545680),Sammy Blais,30545680,W/UTIL,2700,STL@CGY 10/26/2023 09:00PM ET,STL,4.16
LW,Mason Marchment (30545690),Mason Marchment,30545690,W/UTIL,2700,TOR@DAL 10/26/2023 08:00PM ET,DAL,1.8
D,Nils Lundkvist (30546070),Nils Lundkvist,30546070,D/UTIL,2700,TOR@DAL 10/26/2023 08:00PM ET,DAL,2.5
C,Jack Drury (30545338),Jack Drury,30545338,C/UTIL,2700,SEA@CAR 10/26/2023 07:00PM ET,CAR,3.04
RW,Jesper Fast (30545684),Jesper Fast,30545684,W/UTIL,2700,SEA@CAR 10/26/2023 07:00PM ET,CAR,5.49
RW,Blake Wheeler (30545686),Blake Wheeler,30545686,W/UTIL,2700,NYR@EDM 10/26/2023 09:00PM ET,NYR,2.93
C,Adam Lowry (30545340),Adam Lowry,30545340,C/UTIL,2700,WPG@DET 10/26/2023 07:00PM ET,WPG,4.95
D,Brenden Dillon (30546064),Brenden Dillon,30546064,D/UTIL,2700,WPG@DET 10/26/2023 07:00PM ET,WPG,6.25
D,Olli Maatta (30546066),Olli Maatta,30546066,D/UTIL,2700,WPG@DET 10/26/2023 07:00PM ET,DET,5.62
D,David Jiricek (30546060),David Jiricek,30546060,D/UTIL,2700,CLS@MON 10/26/2023 07:00PM ET,CLS,4.42
D,Erik Brannstrom (30546068),Erik Brannstrom,30546068,D/UTIL,2700,OTT@NYI 10/26/2023 07:30PM ET,OTT,4.3
D,Alex Goligoski (30546072),Alex Goligoski,30546072,D/UTIL,2700,MIN@PHI 10/26/2023 07:30PM ET,MIN,5.5
C,Ross Colton (30545334),Ross Colton,30545334,C/UTIL,2700,COL@PIT 10/26/2023 07:00PM ET,COL,6.18
LW,Miles Wood (30545678),Miles Wood,30545678,W/UTIL,2700,COL@PIT 10/26/2023 07:00PM ET,COL,4.85
RW,Luke Kunin (30545688),Luke Kunin,30545688,W/UTIL,2700,SJ@TB 10/26/2023 07:00PM ET,SJ,3.87
RW,Brett Leason (30545694),Brett Leason,30545694,W/UTIL,2600,ANH@BOS 10/26/2023 07:00PM ET,ANH,6.58
D,Tristan Luneau (30546078),Tristan Luneau,30546078,D/UTIL,2600,ANH@BOS 10/26/2023 07:00PM ET,ANH,1.4
RW,Alexey Toropchenko (30545692),Alexey Toropchenko,30545692,W/UTIL,2600,STL@CGY 10/26/2023 09:00PM ET,STL,3.8
C,Alex Wennberg (30545344),Alex Wennberg,30545344,C/UTIL,2600,SEA@CAR 10/26/2023 07:00PM ET,SEA,5.09
D,Jalen Chatfield (30546080),Jalen Chatfield,30546080,D/UTIL,2600,SEA@CAR 10/26/2023 07:00PM ET,CAR,2.54
D,Will Borgen (30546082),Will Borgen,30546082,D/UTIL,2600,SEA@CAR 10/26/2023 07:00PM ET,SEA,5.51
D,Brian Dumoulin (30546084),Brian Dumoulin,30546084,D/UTIL,2600,SEA@CAR 10/26/2023 07:00PM ET,SEA,3.96
D,Braden Schneider (30546086),Braden Schneider,30546086,D/UTIL,2600,NYR@EDM 10/26/2023 09:00PM ET,NYR,4.92
D,Justin Holl (30546088),Justin Holl,30546088,D/UTIL,2600,WPG@DET 10/26/2023 07:00PM ET,DET,4.55
C,Sean Kuraly (30545342),Sean Kuraly,30545342,C/UTIL,2600,CLS@MON 10/26/2023 07:00PM ET,CLS,3.82
D,Johnathan Kovacevic (30546074),Johnathan Kovacevic,30546074,D/UTIL,2600,CLS@MON 10/26/2023 07:00PM ET,MON,4.17
D,Jordan Harris (30546076),Jordan Harris,30546076,D/UTIL,2600,CLS@MON 10/26/2023 07:00PM ET,MON,2.7
RW,Oliver Wahlstrom (30545696),Oliver Wahlstrom,30545696,W/UTIL,2600,OTT@NYI 10/26/2023 07:30PM ET,NYI,2.25
C,Connor Dewar (30545350),Connor Dewar,30545350,C/UTIL,2600,MIN@PHI 10/26/2023 07:30PM ET,MIN,5.47
LW,Marcus Foligno (30545702),Marcus Foligno,30545702,W/UTIL,2600,MIN@PHI 10/26/2023 07:30PM ET,MIN,4.33
LW,Brandon Duhaime (30545704),Brandon Duhaime,30545704,W/UTIL,2600,MIN@PHI 10/26/2023 07:30PM ET,MIN,6.85
RW,Vinni Lettieri (30545706),Vinni Lettieri,30545706,W/UTIL,2600,MIN@PHI 10/26/2023 07:30PM ET,MIN,1.5
C,Lars Eller (30545346),Lars Eller,30545346,C/UTIL,2600,COL@PIT 10/26/2023 07:00PM ET,PIT,7.25
C,Nico Sturm (30545348),Nico Sturm,30545348,C/UTIL,2600,SJ@TB 10/26/2023 07:00PM ET,SJ,3.45
LW,Tanner Jeannot (30545698),Tanner Jeannot,30545698,W/UTIL,2600,SJ@TB 10/26/2023 07:00PM ET,TB,4.73
RW,Michael Eyssimont (30545700),Michael Eyssimont,30545700,W/UTIL,2600,SJ@TB 10/26/2023 07:00PM ET,TB,5.7
C,John Beecher (30545362),John Beecher,30545362,C/UTIL,2500,ANH@BOS 10/26/2023 07:00PM ET,BOS,3.02
C,Sam Carrick (30545370),Sam Carrick,30545370,C/UTIL,2500,ANH@BOS 10/26/2023 07:00PM ET,ANH,2.88
C,Isac Lundestrom (30545372),Isac Lundestrom,30545372,C/UTIL,2500,ANH@BOS 10/26/2023 07:00PM ET,ANH,0
LW,Jakub Lauko (30545722),Jakub Lauko,30545722,W/UTIL,2500,ANH@BOS 10/26/2023 07:00PM ET,BOS,1.72
RW,Patrick Brown (30545724),Patrick Brown,30545724,W/UTIL,2500,ANH@BOS 10/26/2023 07:00PM ET,BOS,1.5
LW,Milan Lucic (30545726),Milan Lucic,30545726,W/UTIL,2500,ANH@BOS 10/26/2023 07:00PM ET,BOS,3.52
LW,Ross Johnston (30545734),Ross Johnston,30545734,W/UTIL,2500,ANH@BOS 10/26/2023 07:00PM ET,ANH,2.3
LW,Alex Killorn (30545736),Alex Killorn,30545736,W/UTIL,2500,ANH@BOS 10/26/2023 07:00PM ET,ANH,0
RW,Brock McGinn (30545738),Brock McGinn,30545738,W/UTIL,2500,ANH@BOS 10/26/2023 07:00PM ET,ANH,0
LW,Chase De Leo (30545740),Chase De Leo,30545740,W/UTIL,2500,ANH@BOS 10/26/2023 07:00PM ET,ANH,0
D,Ian Mitchell (30546106),Ian Mitchell,30546106,D/UTIL,2500,ANH@BOS 10/26/2023 07:00PM ET,BOS,2.5
D,Robert Hagg (30546250),Robert Hagg,30546250,D/UTIL,2500,ANH@BOS 10/26/2023 07:00PM ET,ANH,0
C,Oskar Sundqvist (30545358),Oskar Sundqvist,30545358,C/UTIL,2500,STL@CGY 10/26/2023 09:00PM ET,STL,3.8
C,Nikita Alexandrov (30545360),Nikita Alexandrov,30545360,C/UTIL,2500,STL@CGY 10/26/2023 09:00PM ET,STL,2.05
C,Kevin Rooney (30545374),Kevin Rooney,30545374,C/UTIL,2500,STL@CGY 10/26/2023 09:00PM ET,CGY,0
LW,Jake Neighbours (30545720),Jake Neighbours,30545720,W/UTIL,2500,STL@CGY 10/26/2023 09:00PM ET,STL,5.4
RW,Walker Duehr (30545742),Walker Duehr,30545742,W/UTIL,2500,STL@CGY 10/26/2023 09:00PM ET,CGY,3.9
LW,Dryden Hunt (30545744),Dryden Hunt,30545744,W/UTIL,2500,STL@CGY 10/26/2023 09:00PM ET,CGY,0
LW,A.J. Greer (30545746),A.J. Greer,30545746,W/UTIL,2500,STL@CGY 10/26/2023 09:00PM ET,CGY,2.55
LW,Jakob Pelletier (30545748),Jakob Pelletier,30545748,W/UTIL,2500,STL@CGY 10/26/2023 09:00PM ET,CGY,0
D,Tyler Tucker (30546094),Tyler Tucker,30546094,D/UTIL,2500,STL@CGY 10/26/2023 09:00PM ET,STL,5.06
D,Marco Scandella (30546096),Marco Scandella,30546096,D/UTIL,2500,STL@CGY 10/26/2023 09:00PM ET,STL,2.9
D,Robert Bortuzzo (30546098),Robert Bortuzzo,30546098,D/UTIL,2500,STL@CGY 10/26/2023 09:00PM ET,STL,0
D,Scott Perunovich (30546100),Scott Perunovich,30546100,D/UTIL,2500,STL@CGY 10/26/2023 09:00PM ET,STL,0
D,Josh Jacobs (30546102),Josh Jacobs,30546102,D/UTIL,2500,STL@CGY 10/26/2023 09:00PM ET,STL,0
D,Anton Malmstrom (30546104),Anton Malmstrom,30546104,D/UTIL,2500,STL@CGY 10/26/2023 09:00PM ET,STL,0
D,Dennis Gilbert (30546112),Dennis Gilbert,30546112,D/UTIL,2500,STL@CGY 10/26/2023 09:00PM ET,CGY,2.45
D,Jordan Oesterle (30546114),Jordan Oesterle,30546114,D/UTIL,2500,STL@CGY 10/26/2023 09:00PM ET,CGY,6.47
D,Oliver Kylington (30546116),Oliver Kylington,30546116,D/UTIL,2500,STL@CGY 10/26/2023 09:00PM ET,CGY,0
C,David Kampf (30545394),David Kampf,30545394,C/UTIL,2500,TOR@DAL 10/26/2023 08:00PM ET,TOR,2.23
C,Pontus Holmberg (30545396),Pontus Holmberg,30545396,C/UTIL,2500,TOR@DAL 10/26/2023 08:00PM ET,TOR,1.5
C,Fraser Minten (30545398),Fraser Minten,30545398,C/UTIL,2500,TOR@DAL 10/26/2023 08:00PM ET,TOR,1.45
C,Radek Faksa (30545414),Radek Faksa,30545414,C/UTIL,2500,TOR@DAL 10/26/2023 08:00PM ET,DAL,3.88
RW,Ryan Reaves (30545784),Ryan Reaves,30545784,W/UTIL,2500,TOR@DAL 10/26/2023 08:00PM ET,TOR,0.5
RW,Craig Smith (30545832),Craig Smith,30545832,W/UTIL,2500,TOR@DAL 10/26/2023 08:00PM ET,DAL,5.5
LW,Ty Dellandrea (30545834),Ty Dellandrea,30545834,W/UTIL,2500,TOR@DAL 10/26/2023 08:00PM ET,DAL,3.67
LW,Sam Steel (30545836),Sam Steel,30545836,W/UTIL,2500,TOR@DAL 10/26/2023 08:00PM ET,DAL,4.03
D,Conor Timmins (30546150),Conor Timmins,30546150,D/UTIL,2500,TOR@DAL 10/26/2023 08:00PM ET,TOR,0
D,Jani Hakanpaa (30546184),Jani Hakanpaa,30546184,D/UTIL,2500,TOR@DAL 10/26/2023 08:00PM ET,DAL,4.18
D,Jerad Rosburg (30546186),Jerad Rosburg,30546186,D/UTIL,2500,TOR@DAL 10/26/2023 08:00PM ET,DAL,0
D,Joel Hanley (30546188),Joel Hanley,30546188,D/UTIL,2500,TOR@DAL 10/26/2023 08:00PM ET,DAL,0
C,Vasily Ponomarev (30545378),Vasily Ponomarev,30545378,C/UTIL,2500,SEA@CAR 10/26/2023 07:00PM ET,CAR,0
C,Ryan Suzuki (30545380),Ryan Suzuki,30545380,C/UTIL,2500,SEA@CAR 10/26/2023 07:00PM ET,CAR,0
C,Pierre-Edouard Bellemare (30545386),Pierre-Edouard Bellemare,30545386,C/UTIL,2500,SEA@CAR 10/26/2023 07:00PM ET,SEA,4.94
RW,Brendan Lemieux (30545754),Brendan Lemieux,30545754,W/UTIL,2500,SEA@CAR 10/26/2023 07:00PM ET,CAR,2.42
RW,Kailer Yamamoto (30545772),Kailer Yamamoto,30545772,W/UTIL,2500,SEA@CAR 10/26/2023 07:00PM ET,SEA,3.8
LW,Devin Shore (30545774),Devin Shore,30545774,W/UTIL,2500,SEA@CAR 10/26/2023 07:00PM ET,SEA,2.8
D,Dylan Coghlan (30546126),Dylan Coghlan,30546126,D/UTIL,2500,SEA@CAR 10/26/2023 07:00PM ET,CAR,0
D,Jaycob Megna (30546138),Jaycob Megna,30546138,D/UTIL,2500,SEA@CAR 10/26/2023 07:00PM ET,SEA,0
C,Ryan McLeod (30545400),Ryan McLeod,30545400,C/UTIL,2500,NYR@EDM 10/26/2023 09:00PM ET,EDM,1.43
C,Derek Ryan (30545402),Derek Ryan,30545402,C/UTIL,2500,NYR@EDM 10/26/2023 09:00PM ET,EDM,1.43
C,Nick Bonino (30545406),Nick Bonino,30545406,C/UTIL,2500,NYR@EDM 10/26/2023 09:00PM ET,NYR,5.68
LW,Dylan Holloway (30545786),Dylan Holloway,30545786,W/UTIL,2500,NYR@EDM 10/26/2023 09:00PM ET,EDM,3.62
LW,Adam Erne (30545788),Adam Erne,30545788,W/UTIL,2500,NYR@EDM 10/26/2023 09:00PM ET,EDM,0.75
D,Philip Broberg (30545790),Philip Broberg,30545790,D/UTIL,2500,NYR@EDM 10/26/2023 09:00PM ET,EDM,1.98
LW,Brady Stonehouse (30545792),Brady Stonehouse,30545792,W/UTIL,2500,NYR@EDM 10/26/2023 09:00PM ET,EDM,0
LW,Will Cuylle (30545804),Will Cuylle,30545804,W/UTIL,2500,NYR@EDM 10/26/2023 09:00PM ET,NYR,2.67
LW,Barclay Goodrow (30545806),Barclay Goodrow,30545806,W/UTIL,2500,NYR@EDM 10/26/2023 09:00PM ET,NYR,1.65
RW,Jimmy Vesey (30545808),Jimmy Vesey,30545808,W/UTIL,2500,NYR@EDM 10/26/2023 09:00PM ET,NYR,3.72
RW,Tyler Pitlick (30545810),Tyler Pitlick,30545810,W/UTIL,2500,NYR@EDM 10/26/2023 09:00PM ET,NYR,2.05
D,Cody Ceci (30546152),Cody Ceci,30546152,D/UTIL,2500,NYR@EDM 10/26/2023 09:00PM ET,EDM,2.92
D,Brett Kulak (30546154),Brett Kulak,30546154,D/UTIL,2500,NYR@EDM 10/26/2023 09:00PM ET,EDM,4.27
D,Vincent Desharnais (30546156),Vincent Desharnais,30546156,D/UTIL,2500,NYR@EDM 10/26/2023 09:00PM ET,EDM,2.32
D,Zac Jones (30546170),Zac Jones,30546170,D/UTIL,2500,NYR@EDM 10/26/2023 09:00PM ET,NYR,7.3
C,Rasmus Kupari (30545384),Rasmus Kupari,30545384,C/UTIL,2500,WPG@DET 10/26/2023 07:00PM ET,WPG,4.02
C,Austin Czarnik (30545408),Austin Czarnik,30545408,C/UTIL,2500,WPG@DET 10/26/2023 07:00PM ET,DET,2.76
LW,Morgan Barron (30545766),Morgan Barron,30545766,W/UTIL,2500,WPG@DET 10/26/2023 07:00PM ET,WPG,6.07
RW,David Gustafsson (30545768),David Gustafsson,30545768,W/UTIL,2500,WPG@DET 10/26/2023 07:00PM ET,WPG,5.7
LW,Dominic Toninato (30545770),Dominic Toninato,30545770,W/UTIL,2500,WPG@DET 10/26/2023 07:00PM ET,WPG,0
LW,Jonatan Berggren (30545812),Jonatan Berggren,30545812,W/UTIL,2500,WPG@DET 10/26/2023 07:00PM ET,DET,2.25
RW,Christian Fischer (30545814),Christian Fischer,30545814,W/UTIL,2500,WPG@DET 10/26/2023 07:00PM ET,DET,2.61
LW,Klim Kostin (30545816),Klim Kostin,30545816,W/UTIL,2500,WPG@DET 10/26/2023 07:00PM ET,DET,1.45
RW,Matt Luff (30545818),Matt Luff,30545818,W/UTIL,2500,WPG@DET 10/26/2023 07:00PM ET,DET,0
LW,Carter Mazur (30545820),Carter Mazur,30545820,W/UTIL,2500,WPG@DET 10/26/2023 07:00PM ET,DET,0
D,Dylan Samberg (30546130),Dylan Samberg,30546130,D/UTIL,2500,WPG@DET 10/26/2023 07:00PM ET,WPG,1.77
D,Declan Chisholm (30546132),Declan Chisholm,30546132,D/UTIL,2500,WPG@DET 10/26/2023 07:00PM ET,WPG,0
D,Logan Stanley (30546134),Logan Stanley,30546134,D/UTIL,2500,WPG@DET 10/26/2023 07:00PM ET,WPG,1.3
D,Ville Heinola (30546136),Ville Heinola,30546136,D/UTIL,2500,WPG@DET 10/26/2023 07:00PM ET,WPG,0
C,Dmitri Voronkov (30545356),Dmitri Voronkov,30545356,C/UTIL,2500,CLS@MON 10/26/2023 07:00PM ET,CLS,0
C,Jake Evans (30545364),Jake Evans,30545364,C/UTIL,2500,CLS@MON 10/26/2023 07:00PM ET,MON,4.68
C,Kirby Dach (30545366),Kirby Dach,30545366,C/UTIL,2500,CLS@MON 10/26/2023 07:00PM ET,MON,7.25
C,Christian Dvorak (30545368),Christian Dvorak,30545368,C/UTIL,2500,CLS@MON 10/26/2023 07:00PM ET,MON,0
RW,Mathieu Olivier (30545716),Mathieu Olivier,30545716,W/UTIL,2500,CLS@MON 10/26/2023 07:00PM ET,CLS,2.6
LW,Yegor Chinakhov (30545718),Yegor Chinakhov,30545718,W/UTIL,2500,CLS@MON 10/26/2023 07:00PM ET,CLS,0
RW,Jesse Ylonen (30545728),Jesse Ylonen,30545728,W/UTIL,2500,CLS@MON 10/26/2023 07:00PM ET,MON,4.68
LW,Michael Pezzetta (30545730),Michael Pezzetta,30545730,W/UTIL,2500,CLS@MON 10/26/2023 07:00PM ET,MON,3.08
RW,Joel Armia (30545732),Joel Armia,30545732,W/UTIL,2500,CLS@MON 10/26/2023 07:00PM ET,MON,0
D,Gustav Lindstrom (30546108),Gustav Lindstrom,30546108,D/UTIL,2500,CLS@MON 10/26/2023 07:00PM ET,MON,4.1
D,Chris Wideman (30546110),Chris Wideman,30546110,D/UTIL,2500,CLS@MON 10/26/2023 07:00PM ET,MON,0
C,Casey Cizikas (30545382),Casey Cizikas,30545382,C/UTIL,2500,OTT@NYI 10/26/2023 07:30PM ET,NYI,3.72
C,Rourke Chartier (30545410),Rourke Chartier,30545410,C/UTIL,2500,OTT@NYI 10/26/2023 07:30PM ET,OTT,1.75
LW,Matt Martin (30545756),Matt Martin,30545756,W/UTIL,2500,OTT@NYI 10/26/2023 07:30PM ET,NYI,2.42
RW,Cal Clutterbuck (30545758),Cal Clutterbuck,30545758,W/UTIL,2500,OTT@NYI 10/26/2023 07:30PM ET,NYI,6.02
LW,Daylan Kuefler (30545760),Daylan Kuefler,30545760,W/UTIL,2500,OTT@NYI 10/26/2023 07:30PM ET,NYI,0
RW,Julien Gauthier (30545762),Julien Gauthier,30545762,W/UTIL,2500,OTT@NYI 10/26/2023 07:30PM ET,NYI,2.8
RW,Hudson Fasching (30545764),Hudson Fasching,30545764,W/UTIL,2500,OTT@NYI 10/26/2023 07:30PM ET,NYI,1.93
LW,Parker Kelly (30545822),Parker Kelly,30545822,W/UTIL,2500,OTT@NYI 10/26/2023 07:30PM ET,OTT,4.98
RW,Mark Kastelic (30545824),Mark Kastelic,30545824,W/UTIL,2500,OTT@NYI 10/26/2023 07:30PM ET,OTT,1.22
D,Samuel Bolduc (30546128),Samuel Bolduc,30546128,D/UTIL,2500,OTT@NYI 10/26/2023 07:30PM ET,NYI,1.78
D,Jacob Bernard-Docker (30546172),Jacob Bernard-Docker,30546172,D/UTIL,2500,OTT@NYI 10/26/2023 07:30PM ET,OTT,1.3
C,Ryan Poehling (30545376),Ryan Poehling,30545376,C/UTIL,2500,MIN@PHI 10/26/2023 07:30PM ET,PHI,1.93
C,Michael Milne (30545416),Michael Milne,30545416,C/UTIL,2500,MIN@PHI 10/26/2023 07:30PM ET,MIN,0
C,Caedan Bankier (30545418),Caedan Bankier,30545418,C/UTIL,2500,MIN@PHI 10/26/2023 07:30PM ET,MIN,0
RW,Garnet Hathaway (30545750),Garnet Hathaway,30545750,W/UTIL,2500,MIN@PHI 10/26/2023 07:30PM ET,PHI,3.95
LW,Nicolas Deslauriers (30545752),Nicolas Deslauriers,30545752,W/UTIL,2500,MIN@PHI 10/26/2023 07:30PM ET,PHI,2.25
RW,Pat Maroon (30545838),Pat Maroon,30545838,W/UTIL,2500,MIN@PHI 10/26/2023 07:30PM ET,MIN,6.23
LW,Sam Hentges (30545840),Sam Hentges,30545840,W/UTIL,2500,MIN@PHI 10/26/2023 07:30PM ET,MIN,0
D,Nick Seeler (30546118),Nick Seeler,30546118,D/UTIL,2500,MIN@PHI 10/26/2023 07:30PM ET,PHI,4.42
D,Emil Andrae (30546120),Emil Andrae,30546120,D/UTIL,2500,MIN@PHI 10/26/2023 07:30PM ET,PHI,2.7
D,Marc Staal (30546122),Marc Staal,30546122,D/UTIL,2500,MIN@PHI 10/26/2023 07:30PM ET,PHI,3.82
D,Ryan Ellis (30546124),Ryan Ellis,30546124,D/UTIL,2500,MIN@PHI 10/26/2023 07:30PM ET,PHI,0
D,Dakota Mermis (30546190),Dakota Mermis,30546190,D/UTIL,2500,MIN@PHI 10/26/2023 07:30PM ET,MIN,6.4
D,Jon Merrill (30546192),Jon Merrill,30546192,D/UTIL,2500,MIN@PHI 10/26/2023 07:30PM ET,MIN,3.6
D,Daemon Hunt (30546194),Daemon Hunt,30546194,D/UTIL,2500,MIN@PHI 10/26/2023 07:30PM ET,MIN,0
C,Fredrik Olofsson (30545352),Fredrik Olofsson,30545352,C/UTIL,2500,COL@PIT 10/26/2023 07:00PM ET,COL,5.25
C,Jean-Luc Foudy (30545354),Jean-Luc Foudy,30545354,C/UTIL,2500,COL@PIT 10/26/2023 07:00PM ET,COL,0
C,Noel Acciari (30545404),Noel Acciari,30545404,C/UTIL,2500,COL@PIT 10/26/2023 07:00PM ET,PIT,3.05
LW,Andrew Cogliano (30545708),Andrew Cogliano,30545708,W/UTIL,2500,COL@PIT 10/26/2023 07:00PM ET,COL,4.92
D,Kurtis MacDermid (30545710),Kurtis MacDermid,30545710,D/UTIL,2500,COL@PIT 10/26/2023 07:00PM ET,COL,0
RW,Chris Wagner (30545712),Chris Wagner,30545712,W/UTIL,2500,COL@PIT 10/26/2023 07:00PM ET,COL,0
LW,Gabriel Landeskog (30545714),Gabriel Landeskog,30545714,W/UTIL,2500,COL@PIT 10/26/2023 07:00PM ET,COL,0
RW,Radim Zohorna (30545794),Radim Zohorna,30545794,W/UTIL,2500,COL@PIT 10/26/2023 07:00PM ET,PIT,7.25
LW,Drew O'Connor (30545796),Drew O'Connor,30545796,W/UTIL,2500,COL@PIT 10/26/2023 07:00PM ET,PIT,2.8
RW,Jeff Carter (30545798),Jeff Carter,30545798,W/UTIL,2500,COL@PIT 10/26/2023 07:00PM ET,PIT,1.9
LW,Matt Nieto (30545800),Matt Nieto,30545800,W/UTIL,2500,COL@PIT 10/26/2023 07:00PM ET,PIT,1.37
LW,Raivis Ansons (30545802),Raivis Ansons,30545802,W/UTIL,2500,COL@PIT 10/26/2023 07:00PM ET,PIT,0
D,Jack Johnson (30546090),Jack Johnson,30546090,D/UTIL,2500,COL@PIT 10/26/2023 07:00PM ET,COL,3.2
D,Corey Schueneman (30546092),Corey Schueneman,30546092,D/UTIL,2500,COL@PIT 10/26/2023 07:00PM ET,COL,0
D,Ryan Shea (30546158),Ryan Shea,30546158,D/UTIL,2500,COL@PIT 10/26/2023 07:00PM ET,PIT,2.8
D,John Ludvig (30546160),John Ludvig,30546160,D/UTIL,2500,COL@PIT 10/26/2023 07:00PM ET,PIT,1.5
D,Pierre-Olivier Joseph (30546162),Pierre-Olivier Joseph,30546162,D/UTIL,2500,COL@PIT 10/26/2023 07:00PM ET,PIT,2.85
D,Chad Ruhwedel (30546164),Chad Ruhwedel,30546164,D/UTIL,2500,COL@PIT 10/26/2023 07:00PM ET,PIT,2.42
D,Will Butcher (30546166),Will Butcher,30546166,D/UTIL,2500,COL@PIT 10/26/2023 07:00PM ET,PIT,0
D,Mark Pysyk (30546168),Mark Pysyk,30546168,D/UTIL,2500,COL@PIT 10/26/2023 07:00PM ET,PIT,0
C,Luke Glendening (30545388),Luke Glendening,30545388,C/UTIL,2500,SJ@TB 10/26/2023 07:00PM ET,TB,2.13
C,Jack Finley (30545390),Jack Finley,30545390,C/UTIL,2500,SJ@TB 10/26/2023 07:00PM ET,TB,0
C,Daniel Walker (30545392),Daniel Walker,30545392,C/UTIL,2500,SJ@TB 10/26/2023 07:00PM ET,TB,0
C,Jacob Peterson (30545412),Jacob Peterson,30545412,C/UTIL,2500,SJ@TB 10/26/2023 07:00PM ET,SJ,3.12
RW,Waltteri Merela (30545776),Waltteri Merela,30545776,W/UTIL,2500,SJ@TB 10/26/2023 07:00PM ET,TB,2.09
LW,Conor Sheary (30545778),Conor Sheary,30545778,W/UTIL,2500,SJ@TB 10/26/2023 07:00PM ET,TB,3.6
LW,Logan Brown (30545780),Logan Brown,30545780,W/UTIL,2500,SJ@TB 10/26/2023 07:00PM ET,TB,0
RW,Austin Watson (30545782),Austin Watson,30545782,W/UTIL,2500,SJ@TB 10/26/2023 07:00PM ET,TB,0
LW,Fabian Zetterlund (30545826),Fabian Zetterlund,30545826,W/UTIL,2500,SJ@TB 10/26/2023 07:00PM ET,SJ,7.57
LW,Givani Smith (30545828),Givani Smith,30545828,W/UTIL,2500,SJ@TB 10/26/2023 07:00PM ET,SJ,4.02
LW,Mitchell Russell (30545830),Mitchell Russell,30545830,W/UTIL,2500,SJ@TB 10/26/2023 07:00PM ET,SJ,0
D,Calvin de Haan (30546140),Calvin de Haan,30546140,D/UTIL,2500,SJ@TB 10/26/2023 07:00PM ET,TB,2.76
D,Haydn Fleury (30546142),Haydn Fleury,30546142,D/UTIL,2500,SJ@TB 10/26/2023 07:00PM ET,TB,0
D,Zach Bogosian (30546144),Zach Bogosian,30546144,D/UTIL,2500,SJ@TB 10/26/2023 07:00PM ET,TB,1.4
D,Brent Seabrook (30546146),Brent Seabrook,30546146,D/UTIL,2500,SJ@TB 10/26/2023 07:00PM ET,TB,0
D,Roman Schmidt (30546148),Roman Schmidt,30546148,D/UTIL,2500,SJ@TB 10/26/2023 07:00PM ET,TB,0
D,Nikolai Knyzhov (30546174),Nikolai Knyzhov,30546174,D/UTIL,2500,SJ@TB 10/26/2023 07:00PM ET,SJ,3.46
D,Ty Emberson (30546176),Ty Emberson,30546176,D/UTIL,2500,SJ@TB 10/26/2023 07:00PM ET,SJ,4.2
D,Marc-Edouard Vlasic (30546178),Marc-Edouard Vlasic,30546178,D/UTIL,2500,SJ@TB 10/26/2023 07:00PM ET,SJ,2.05
D,Jacob MacDonald (30546180),Jacob MacDonald,30546180,D/UTIL,2500,SJ@TB 10/26/2023 07:00PM ET,SJ,0
D,Nikita Okhotiuk (30546182),Nikita Okhotiuk,30546182,D/UTIL,2500,SJ@TB 10/26/2023 07:00PM ET,SJ,0
